ID,Nome,Valor Nominal,Prazo,Juros,Novo Juros
1,Titulo A,10000,5,0.05,0.282157
2,Titulo B,15000,10,0.07,0.85525
3,Titulo C,20000,8,0.06,0.568597
4,Titulo D,12000,3,0.04,0.131699
5,Titulo E,18000,6,0.055,0.377414
